ID Peserta,Nama Lengkap
130110230001,Dina Mahendra
130110230002,Farhan Pratama
130110230003,Andi Wijaya
130110230004,Budi Santoso
130110230005,Eka Saputra
130110230006,Budi Saputra
130110230007,Budi Putri
130110230008,Indah Firmansyah
130110230009,Indah Sutanto
130110230010,Gita Pratama
130110230011,Farhan Firmansyah
130110230012,Dina Wijaya
130110230013,Budi Wijaya
130110230014,Indah Putri
130110230015,Indah Lestari
130110230016,Eka Lestari
130110230017,Dina Firmansyah
130110230018,Hendra Saputra
130110230019,Dina Lestari
130110230020,Indah Pratama
130110230021,Gita Firmansyah
130110230022,Indah Firmansyah
130110230023,Andi Santoso
130110230024,Andi Putri
130110230025,Joko Utami
130110230026,Farhan Wijaya
130110230027,Indah Saputra
130110230028,Gita Firmansyah
130110230029,Eka Putri
130110230030,Farhan Firmansyah
130110230031,Citra Sutanto
130110230032,Farhan Mahendra
130110230033,Farhan Saputra
130110230034,Farhan Lestari
130110230035,Citra Utami
130110230036,Indah Wijaya
130110230037,Indah Pratama
130110230038,Eka Putri
130110230039,Indah Santoso
130110230040,Citra Wijaya
130110230041,Indah Pratama
130110230042,Hendra Sutanto
130110230043,Citra Firmansyah
130110230044,Dina Putri
130110230045,Indah Firmansyah
130110230046,Joko Lestari
130110230047,Dina Mahendra
130110230048,Gita Sutanto
130110230049,Citra Pratama
130110230050,Citra Lestari
130110230051,Farhan Putri
130110230052,Gita Lestari
130110230053,Joko Utami
130110230054,Hendra Lestari
130110230055,Eka Wijaya
130110230056,Farhan Saputra
130110230057,Indah Mahendra
130110230058,Indah Lestari
130110230059,Hendra Putri
130110230060,Joko Wijaya
130110230061,Indah Pratama
130110230062,Citra Utami
130110230063,Budi Putri
130110230064,Hendra Putri
130110230065,Eka Firmansyah
130110230066,Indah Sutanto
130110230067,Budi Pratama
130110230068,Eka Putri
130110230069,Budi Saputra
130110230070,Citra Firmansyah
130110230071,Farhan Putri
130110230072,Farhan Santoso
130110230073,Gita Lestari
130110230074,Joko Saputra
130110230075,Andi Wijaya
130110230076,Farhan Pratama
130110230077,Hendra Putri
130110230078,Budi Utami
130110230079,Eka Wijaya
130110230080,Indah Putri
130110230081,Dina Saputra
130110230082,Eka Wijaya
130110230083,Joko Saputra
130110230084,Andi Mahendra
130110230085,Andi Mahendra
130110230086,Citra Wijaya
130110230087,Gita Santoso
130110230088,Dina Santoso
130110230089,Gita Utami
130110230090,Hendra Lestari
130110230091,Andi Mahendra
130110230092,Dina Utami
130110230093,Andi Santoso
130110230094,Indah Firmansyah
130110230095,Andi Firmansyah
130110230096,Dina Sutanto
130110230097,Dina Firmansyah
130110230098,Eka Santoso
130110230099,Dina Santoso
130110230100,Farhan Putri
130110230101,Hendra Santoso
130110230102,Eka Firmansyah
130110230103,Eka Utami
130110230104,Farhan Firmansyah
130110230105,Gita Pratama
130110230106,Budi Putri
130110230107,Gita Utami
130110230108,Andi Mahendra
130110230109,Joko Pratama
130110230110,Farhan Wijaya
130110230111,Andi Saputra
130110230112,Hendra Santoso
130110230113,Eka Lestari
130110230114,Dina Saputra
130110230115,Hendra Sutanto
130110230116,Hendra Saputra
130110230117,Budi Firmansyah
130110230118,Citra Mahendra
130110230119,Citra Mahendra
130110230120,Indah Putri
130110230121,Hendra Putri
130110230122,Eka Utami
130110230123,Andi Firmansyah
130110230124,Andi Wijaya
130110230125,Dina Utami
130110230126,Farhan Firmansyah
130110230127,Dina Mahendra
130110230128,Hendra Santoso
130110230129,Budi Utami
130110230130,Farhan Putri
130110230131,Indah Pratama
130110230132,Budi Wijaya
130110230133,Eka Wijaya
130110230134,Farhan Santoso
130110230135,Joko Saputra
130110230136,Budi Sutanto
130110230137,Indah Wijaya
130110230138,Indah Putri
130110230139,Andi Saputra
130110230140,Dina Utami
130110230141,Joko Utami
130110230142,Gita Putri
130110230143,Citra Santoso
130110230144,Budi Firmansyah
130110230145,Gita Mahendra
130110230146,Gita Wijaya
130110230147,Andi Pratama
130110230148,Farhan Sutanto
130110230149,Indah Pratama
130110230150,Andi Putri